{"cameraMode":{"drawMode":0,"name":"Shaded","section":"Shading Mode"},"sceneLighting":false,"audioPlay":false,"sceneViewState":{"m_AlwaysRefresh":false,"showFog":true,"showSkybox":false,"showFlares":true,"showImageEffects":true,"showParticleSystems":true,"showVisualEffectGraphs":true,"m_FxEnabled":true},"in2DMode":false,"pivot":{"x":-0.746335506439209,"y":0.3509032726287842,"z":-0.18368923664093018},"rotation":{"x":-0.02480698749423027,"y":0.49189987778663638,"z":0.014022937044501305,"w":0.8701855540275574},"size":1.7621921300888062,"orthographic":true}