{"cameraMode":{"drawMode":0,"name":"Shaded","section":"Shading Mode"},"sceneLighting":true,"audioPlay":false,"sceneViewState":{"m_AlwaysRefresh":false,"showFog":true,"showSkybox":true,"showFlares":true,"showImageEffects":true,"showParticleSystems":true,"showVisualEffectGraphs":true,"m_FxEnabled":true},"in2DMode":false,"pivot":{"x":0.1523303985595703,"y":-7.470318794250488,"z":19.615629196166993},"rotation":{"x":-0.2536964416503906,"y":0.046985141932964328,"z":-0.012338662520051003,"w":-0.9660636782646179},"size":13.596982955932618,"orthographic":false}