{"cameraMode":{"drawMode":0,"name":"Shaded","section":"Shading Mode"},"sceneLighting":true,"audioPlay":false,"sceneViewState":{"m_AlwaysRefresh":false,"showFog":true,"showSkybox":true,"showFlares":true,"showImageEffects":true,"showParticleSystems":true,"showVisualEffectGraphs":true,"m_FxEnabled":true},"in2DMode":false,"pivot":{"x":619.5104370117188,"y":676.158447265625,"z":-124.8995361328125},"rotation":{"x":-0.11406055092811585,"y":-0.0023871746379882099,"z":0.0002740503987297416,"w":-0.9934709668159485},"size":2478.662841796875,"orthographic":false}