{"cameraMode":{"drawMode":0,"name":"Shaded","section":"Shading Mode"},"sceneLighting":true,"audioPlay":false,"sceneViewState":{"m_AlwaysRefresh":false,"showFog":true,"showSkybox":true,"showFlares":true,"showImageEffects":true,"showParticleSystems":true,"showVisualEffectGraphs":true,"m_FxEnabled":true},"in2DMode":false,"pivot":{"x":-0.4895695447921753,"y":0.893703818321228,"z":0.18945741653442384},"rotation":{"x":-0.039290446788072589,"y":0.021579140797257425,"z":-0.0008486334700137377,"w":-0.9989944696426392},"size":2.70739483833313,"orthographic":false}