{"cameraMode":{"drawMode":0,"name":"Shaded","section":"Shading Mode"},"sceneLighting":true,"audioPlay":false,"sceneViewState":{"m_AlwaysRefresh":false,"showFog":true,"showSkybox":true,"showFlares":true,"showImageEffects":true,"showParticleSystems":true,"showVisualEffectGraphs":true,"m_FxEnabled":true},"in2DMode":false,"pivot":{"x":565.8579711914063,"y":1218.364501953125,"z":174.31573486328126},"rotation":{"x":-0.07075048983097077,"y":0.0005958171677775681,"z":-0.000042266747186658904,"w":-0.9974939227104187},"size":776.53076171875,"orthographic":false}