{"cameraMode":{"drawMode":0,"name":"Shaded","section":"Shading Mode"},"sceneLighting":true,"audioPlay":false,"sceneViewState":{"m_AlwaysRefresh":false,"showFog":true,"showSkybox":true,"showFlares":true,"showImageEffects":true,"showParticleSystems":true,"showVisualEffectGraphs":true,"m_FxEnabled":true},"in2DMode":false,"pivot":{"x":0.22279071807861329,"y":0.2854052782058716,"z":0.3154138922691345},"rotation":{"x":-0.05169704928994179,"y":-0.6449494957923889,"z":0.043801020830869678,"w":-0.7612157464027405},"size":1.7621921300888062,"orthographic":false}