{"cameraMode":{"drawMode":0,"name":"Shaded","section":"Shading Mode"},"sceneLighting":false,"audioPlay":false,"sceneViewState":{"m_AlwaysRefresh":false,"showFog":true,"showSkybox":false,"showFlares":true,"showImageEffects":true,"showParticleSystems":true,"showVisualEffectGraphs":true,"m_FxEnabled":true},"in2DMode":false,"pivot":{"x":0.02528095245361328,"y":0.5860125422477722,"z":0.25406718254089358},"rotation":{"x":-0.1081453189253807,"y":-0.45253893733024599,"z":0.05539784952998161,"w":-0.8834271430969238},"size":1.4614944458007813,"orthographic":false}