{"cameraMode":{"drawMode":0,"name":"Shaded","section":"Shading Mode"},"sceneLighting":false,"audioPlay":false,"sceneViewState":{"m_AlwaysRefresh":false,"showFog":true,"showSkybox":false,"showFlares":true,"showImageEffects":true,"showParticleSystems":true,"showVisualEffectGraphs":true,"m_FxEnabled":true},"in2DMode":false,"pivot":{"x":-1.7739733457565308,"y":1.4107550382614136,"z":-0.18484795093536378},"rotation":{"x":0.06978059560060501,"y":-0.6824220418930054,"z":0.0657145157456398,"w":0.7246465682983398},"size":3.5614943504333498,"orthographic":false}