{"cameraMode":{"drawMode":0,"name":"Shaded","section":"Shading Mode"},"sceneLighting":false,"audioPlay":false,"sceneViewState":{"m_AlwaysRefresh":false,"showFog":true,"showSkybox":false,"showFlares":true,"showImageEffects":true,"showParticleSystems":true,"showVisualEffectGraphs":true,"m_FxEnabled":true},"in2DMode":false,"pivot":{"x":0.585485577583313,"y":1.4555482864379883,"z":2.0980796813964845},"rotation":{"x":-0.00031309176119975746,"y":0.9993538856506348,"z":-0.008994481526315213,"w":-0.03479725122451782},"size":1.4614944458007813,"orthographic":true}