{"cameraMode":{"drawMode":0,"name":"Shaded","section":"Shading Mode"},"sceneLighting":false,"audioPlay":false,"sceneViewState":{"m_AlwaysRefresh":false,"showFog":true,"showSkybox":false,"showFlares":true,"showImageEffects":true,"showParticleSystems":true,"showVisualEffectGraphs":true,"m_FxEnabled":true},"in2DMode":false,"pivot":{"x":-0.00011172890663146973,"y":0.13749998807907105,"z":-0.31810492277145388},"rotation":{"x":0.06978059560060501,"y":-0.6824220418930054,"z":0.0657145157456398,"w":0.7246465682983398},"size":2.0748260021209719,"orthographic":false}